{"0.1305079357856973":{"user_id":1},"0.4158916591121651":{"user_id":3}}